Item,Year,Value
Agrifood Systems Waste Disposal,1990,123150.3641
Agrifood Systems Waste Disposal,1991,126385.4056
Agrifood Systems Waste Disposal,1992,129168.8317
Agrifood Systems Waste Disposal,1993,131241.3416
Agrifood Systems Waste Disposal,1994,133414.2303
Agrifood Systems Waste Disposal,1995,136356.8733
Agrifood Systems Waste Disposal,1996,138322.1504
Agrifood Systems Waste Disposal,1997,139852.0348
Agrifood Systems Waste Disposal,1998,141350.9964
Agrifood Systems Waste Disposal,1999,143098.2423
Agrifood Systems Waste Disposal,2000,144704.7455
Agrifood Systems Waste Disposal,2001,146009.3036
Agrifood Systems Waste Disposal,2002,147197.6614
Agrifood Systems Waste Disposal,2003,148766.8547
Agrifood Systems Waste Disposal,2004,149425.8573
Agrifood Systems Waste Disposal,2005,150816.9434
Agrifood Systems Waste Disposal,2006,152241.713
Agrifood Systems Waste Disposal,2007,154240.534
Agrifood Systems Waste Disposal,2008,155376.0406
Agrifood Systems Waste Disposal,2009,155913.0019
Agrifood Systems Waste Disposal,2010,157691.0798
Agrifood Systems Waste Disposal,2011,159337.9098
Agrifood Systems Waste Disposal,2012,160498.2365
Agrifood Systems Waste Disposal,2013,161593.9779
Agrifood Systems Waste Disposal,2014,162785.5415
Agrifood Systems Waste Disposal,2015,162941.5335
Agrifood Systems Waste Disposal,2016,164055.2258
Agrifood Systems Waste Disposal,2017,165286.1899
Agrifood Systems Waste Disposal,2018,166168.1541
Agrifood Systems Waste Disposal,2019,167236.7924
Agrifood Systems Waste Disposal,2020,168271.9274
Agrifood Systems Waste Disposal,2021,169082.5026
Agrifood Systems Waste Disposal,2022,169962.8809
Agrifood Systems Waste Disposal,2023,170767.9033
Burning - Crop residues,1961,2855.389
Burning - Crop residues,1962,2946.8698
Burning - Crop residues,1963,2934.6751
Burning - Crop residues,1964,2968.8713
Burning - Crop residues,1965,2953.3218
Burning - Crop residues,1966,2950.1042
Burning - Crop residues,1967,3036.781
Burning - Crop residues,1968,3142.4556
Burning - Crop residues,1969,3259.0575
Burning - Crop residues,1970,3291.8771
Burning - Crop residues,1971,3335.7597
Burning - Crop residues,1972,3316.4778
Burning - Crop residues,1973,3431.8808
Burning - Crop residues,1974,3382.2331
Burning - Crop residues,1975,3467.3039
Burning - Crop residues,1976,3498.4643
Burning - Crop residues,1977,3584.2737
Burning - Crop residues,1978,3639.4347
Burning - Crop residues,1979,3621.1867
Burning - Crop residues,1980,3639.2109
Burning - Crop residues,1981,3668.9346
Burning - Crop residues,1982,3549.2368
Burning - Crop residues,1983,3780.3715
Burning - Crop residues,1984,3796.7869
Burning - Crop residues,1985,3744.1818
Burning - Crop residues,1986,3730.6077
Burning - Crop residues,1987,3592.5863
Burning - Crop residues,1988,3785.5337
Burning - Crop residues,1989,3852.0836
Burning - Crop residues,1990,3861.8581
Burning - Crop residues,1991,3895.8193
Burning - Crop residues,1992,3835.6346
Burning - Crop residues,1993,3911.6919
Burning - Crop residues,1994,3951.0488
Burning - Crop residues,1995,3983.9076
Burning - Crop residues,1996,4036.3798
Burning - Crop residues,1997,4076.446
Burning - Crop residues,1998,4149.911
Burning - Crop residues,1999,4227.8274
Burning - Crop residues,2000,4231.1094
Burning - Crop residues,2001,4177.8146
Burning - Crop residues,2002,4019.0201
Burning - Crop residues,2003,4122.427
Burning - Crop residues,2004,4112.1866
Burning - Crop residues,2005,4192.9066
Burning - Crop residues,2006,4266.2932
Burning - Crop residues,2007,4407.4497
Burning - Crop residues,2008,4492.8912
Burning - Crop residues,2009,4263.8213
Burning - Crop residues,2010,4351.9921
Burning - Crop residues,2011,4502.8979
Burning - Crop residues,2012,4466.9111
Burning - Crop residues,2013,4595.9022
Burning - Crop residues,2014,4624.8257
Burning - Crop residues,2015,4619.5642
Burning - Crop residues,2016,4544.787
Burning - Crop residues,2017,4604.5086
Burning - Crop residues,2018,4576.188
Burning - Crop residues,2019,4524.7049
Burning - Crop residues,2020,4733.5514
Burning - Crop residues,2021,4796.8236
Burning - Crop residues,2022,4878.1885
Burning - Crop residues,2023,5030.8724
Crop Residues,1961,9028.5235
Crop Residues,1962,9176.261
Crop Residues,1963,9288.038
Crop Residues,1964,9459.705
Crop Residues,1965,8812.5485
Crop Residues,1966,8799.007
Crop Residues,1967,9618.8375
Crop Residues,1968,10110.9425
Crop Residues,1969,10406.338
Crop Residues,1970,10749.884
Crop Residues,1971,10738.5685
Crop Residues,1972,10417.203
Crop Residues,1973,11187.4255
Crop Residues,1974,10430.2145
Crop Residues,1975,11573.027
Crop Residues,1976,11323.98
Crop Residues,1977,12167.5545
Crop Residues,1978,12470.9
Crop Residues,1979,11797.8
Crop Residues,1980,12373.963
Crop Residues,1981,12854.7525
Crop Residues,1982,12145.4535
Crop Residues,1983,13881.866
Crop Residues,1984,13824.997
Crop Residues,1985,13820.757
Crop Residues,1986,13857.804
Crop Residues,1987,13156.985
Crop Residues,1988,14699.921
Crop Residues,1989,15581.947
Crop Residues,1990,15344.56
Crop Residues,1991,15312.8395
Crop Residues,1992,15726.743
Crop Residues,1993,16142.422
Crop Residues,1994,16262.5995
Crop Residues,1995,16358.026
Crop Residues,1996,16780.0915
Crop Residues,1997,17220.1505
Crop Residues,1998,17361.4485
Crop Residues,1999,17843.828
Crop Residues,2000,17810.332
Crop Residues,2001,18003.1725
Crop Residues,2002,16163.887
Crop Residues,2003,17746.2285
Crop Residues,2004,17508.921
Crop Residues,2005,18031.342
Crop Residues,2006,18257.2015
Crop Residues,2007,19371.7915
Crop Residues,2008,19699.04
Crop Residues,2009,18640.683
Crop Residues,2010,19885.706
Crop Residues,2011,20929.647
Crop Residues,2012,21171.1945
Crop Residues,2013,21342.57
Crop Residues,2014,21394.2715
Crop Residues,2015,20721.0125
Crop Residues,2016,21543.3605
Crop Residues,2017,22395.362
Crop Residues,2018,22644.7535
Crop Residues,2019,22760.3995
Crop Residues,2020,23825.885
Crop Residues,2021,24641.5815
Crop Residues,2022,25003.545
Crop Residues,2023,25761.5245
Drained organic soils,1990,5123.1666
Drained organic soils,1991,5123.1666
Drained organic soils,1992,5123.1666
Drained organic soils,1993,5123.1666
Drained organic soils,1994,5123.1666
Drained organic soils,1995,5138.9502
Drained organic soils,1996,5136.4657
Drained organic soils,1997,5139.7968
Drained organic soils,1998,5139.0742
Drained organic soils,1999,5123.4023
Drained organic soils,2000,5100.8022
Drained organic soils,2001,5098.3991
Drained organic soils,2002,5094.307
Drained organic soils,2003,5088.3285
Drained organic soils,2004,5084.5925
Drained organic soils,2005,5072.8791
Drained organic soils,2006,5073.5206
Drained organic soils,2007,5071.8876
Drained organic soils,2008,5070.233
Drained organic soils,2009,5074.5385
Drained organic soils,2010,5072.9447
Drained organic soils,2011,5071.9548
Drained organic soils,2012,5070.0693
Drained organic soils,2013,5069.0788
Drained organic soils,2014,5064.6924
Drained organic soils,2015,5063.4769
Drained organic soils,2016,5056.2479
Drained organic soils,2017,5056.2384
Drained organic soils,2018,5057.2385
Drained organic soils,2019,5015.921
Drained organic soils,2020,5011.9668
Drained organic soils,2021,5011.2859
Drained organic soils,2022,5008.8898
Drained organic soils,2023,5008.8898
Drained organic soils (CO2),1990,4915.9366
Drained organic soils (CO2),1991,4915.9366
Drained organic soils (CO2),1992,4915.9366
Drained organic soils (CO2),1993,4915.9366
Drained organic soils (CO2),1994,4915.9366
Drained organic soils (CO2),1995,4931.4022
Drained organic soils (CO2),1996,4929.1297
Drained organic soils (CO2),1997,4932.6728
Drained organic soils (CO2),1998,4932.0297
Drained organic soils (CO2),1999,4917.5768
Drained organic soils (CO2),2000,4896.2487
Drained organic soils (CO2),2001,4894.0576
Drained organic soils (CO2),2002,4890.151
Drained organic soils (CO2),2003,4884.4905
Drained organic soils (CO2),2004,4880.9665
Drained organic soils (CO2),2005,4869.8626
Drained organic soils (CO2),2006,4870.5571
Drained organic soils (CO2),2007,4868.9771
Drained organic soils (CO2),2008,4867.4285
Drained organic soils (CO2),2009,4871.628
Drained organic soils (CO2),2010,4870.1137
Drained organic soils (CO2),2011,4869.2033
Drained organic soils (CO2),2012,4867.3973
Drained organic soils (CO2),2013,4866.4333
Drained organic soils (CO2),2014,4862.2589
Drained organic soils (CO2),2015,4861.0699
Drained organic soils (CO2),2016,4854.1324
Drained organic soils (CO2),2017,4854.1229
Drained organic soils (CO2),2018,4855.123
Drained organic soils (CO2),2019,4815.3955
Drained organic soils (CO2),2020,4811.6003
Drained organic soils (CO2),2021,4810.9459
Drained organic soils (CO2),2022,4808.6293
Drained organic soils (CO2),2023,4808.6293
Drained organic soils (N2O),1990,207.23
Drained organic soils (N2O),1991,207.23
Drained organic soils (N2O),1992,207.23
Drained organic soils (N2O),1993,207.23
Drained organic soils (N2O),1994,207.23
Drained organic soils (N2O),1995,207.548
Drained organic soils (N2O),1996,207.336
Drained organic soils (N2O),1997,207.124
Drained organic soils (N2O),1998,207.0445
Drained organic soils (N2O),1999,205.8255
Drained organic soils (N2O),2000,204.5535
Drained organic soils (N2O),2001,204.3415
Drained organic soils (N2O),2002,204.156
Drained organic soils (N2O),2003,203.838
Drained organic soils (N2O),2004,203.626
Drained organic soils (N2O),2005,203.0165
Drained organic soils (N2O),2006,202.9635
Drained organic soils (N2O),2007,202.9105
Drained organic soils (N2O),2008,202.8045
Drained organic soils (N2O),2009,202.9105
Drained organic soils (N2O),2010,202.831
Drained organic soils (N2O),2011,202.7515
Drained organic soils (N2O),2012,202.672
Drained organic soils (N2O),2013,202.6455
Drained organic soils (N2O),2014,202.4335
Drained organic soils (N2O),2015,202.407
Drained organic soils (N2O),2016,202.1155
Drained organic soils (N2O),2017,202.1155
Drained organic soils (N2O),2018,202.1155
Drained organic soils (N2O),2019,200.5255
Drained organic soils (N2O),2020,200.3665
Drained organic soils (N2O),2021,200.34
Drained organic soils (N2O),2022,200.2605
Drained organic soils (N2O),2023,200.2605
Energy,1961,175453.0
Energy,1962,189186.0
Energy,1963,200639.0
Energy,1964,195852.0
Energy,1965,212145.0
Energy,1966,217478.0
Energy,1967,216837.5
Energy,1968,233650.0
Energy,1969,235809.0
Energy,1970,243700.0
Energy,1971,253420.0
Energy,1972,267312.0
Energy,1973,273751.0
Energy,1974,284842.5
Energy,1975,307361.5
Energy,1976,319440.0
Energy,1977,333852.5
Energy,1978,338106.0
Energy,1979,354211.0
Energy,1980,375302.5
Energy,1981,403887.5
Energy,1982,415286.5
Energy,1983,448885.0
Energy,1984,461790.0
Energy,1985,501628.0
Energy,1986,539799.0
Energy,1987,579595.5
Energy,1988,629700.0
Energy,1989,685550.5
Energy,1990,692629.0
Energy,1991,736293.0
Energy,1992,773931.0
Energy,1993,795555.0
Energy,1994,840178.5
Energy,1995,891147.0
Energy,1996,957383.5
Energy,1997,990848.5
Energy,1998,1002712.0
Energy,1999,1064054.5
Energy,2000,1094799.0
Energy,2001,1097533.0
Energy,2002,1110891.5
Energy,2003,1164664.0
Energy,2004,1228338.5
Energy,2005,1291468.0
Energy,2006,1365018.0
Energy,2007,1461137.5
Energy,2008,1590090.5
Energy,2009,1758930.5
Energy,2010,1772409.0
Energy,2011,1877125.0
Energy,2012,2054740.0
Energy,2013,2046665.0
Energy,2014,2253000.0
Energy,2015,2355785.0
Energy,2016,2397200.0
Energy,2017,2508275.0
Energy,2018,2615730.0
Energy,2019,2692945.0
Energy,2020,2435580.0
Energy,2021,2678810.0
Energy,2022,2842645.0
Energy,2023,3093135.0
Enteric Fermentation,1961,246003.268
Enteric Fermentation,1962,243254.7152
Enteric Fermentation,1963,242449.5836
Enteric Fermentation,1964,244300.616
Enteric Fermentation,1965,244281.576
Enteric Fermentation,1966,250255.8156
Enteric Fermentation,1967,249607.428
Enteric Fermentation,1968,252233.6012
Enteric Fermentation,1969,254023.756
Enteric Fermentation,1970,254099.1376
Enteric Fermentation,1971,256880.876
Enteric Fermentation,1972,259866.964
Enteric Fermentation,1973,259723.3156
Enteric Fermentation,1974,262579.128
Enteric Fermentation,1975,264448.3576
Enteric Fermentation,1976,267951.992
Enteric Fermentation,1977,270611.978
Enteric Fermentation,1978,274867.152
Enteric Fermentation,1979,280887.04
Enteric Fermentation,1980,285533.08
Enteric Fermentation,1981,290368.12
Enteric Fermentation,1982,297791.9924
Enteric Fermentation,1983,302910.9076
Enteric Fermentation,1984,307645.464
Enteric Fermentation,1985,311349.472
Enteric Fermentation,1986,316295.1316
Enteric Fermentation,1987,317971.1136
Enteric Fermentation,1988,321483.708
Enteric Fermentation,1989,325026.856
Enteric Fermentation,1990,328599.824
Enteric Fermentation,1991,332366.692
Enteric Fermentation,1992,337410.64
Enteric Fermentation,1993,338893.24
Enteric Fermentation,1994,340858.3528
Enteric Fermentation,1995,342656.7592
Enteric Fermentation,1996,344539.3
Enteric Fermentation,1997,345227.652
Enteric Fermentation,1998,345575.2496
Enteric Fermentation,1999,345886.716
Enteric Fermentation,2000,345771.076
Enteric Fermentation,2001,347245.5
Enteric Fermentation,2002,348172.104
Enteric Fermentation,2003,349691.8264
Enteric Fermentation,2004,355999.504
Enteric Fermentation,2005,362730.9504
Enteric Fermentation,2006,369017.9136
Enteric Fermentation,2007,378349.8936
Enteric Fermentation,2008,378479.1304
Enteric Fermentation,2009,378748.1656
Enteric Fermentation,2010,379334.3036
Enteric Fermentation,2011,379648.0296
Enteric Fermentation,2012,379659.1484
Enteric Fermentation,2013,380728.3732
Enteric Fermentation,2014,381420.6088
Enteric Fermentation,2015,384070.414
Enteric Fermentation,2016,386921.458
Enteric Fermentation,2017,389538.1532
Enteric Fermentation,2018,392292.6168
Enteric Fermentation,2019,394693.0456
Enteric Fermentation,2020,398550.9528
Enteric Fermentation,2021,402214.7752
Enteric Fermentation,2022,404273.6936
Enteric Fermentation,2023,407856.7472
Fertilizers Manufacturing,1990,3034.6653
Fertilizers Manufacturing,1991,4003.3833
Fertilizers Manufacturing,1992,4888.7218
Fertilizers Manufacturing,1993,5720.1318
Fertilizers Manufacturing,1994,6753.2465
Fertilizers Manufacturing,1995,7663.3555
Fertilizers Manufacturing,1996,8699.6355
Fertilizers Manufacturing,1997,9806.8969
Fertilizers Manufacturing,1998,10882.1542
Fertilizers Manufacturing,1999,12064.6659
Fertilizers Manufacturing,2000,13027.7252
Fertilizers Manufacturing,2001,14098.1903
Fertilizers Manufacturing,2002,20761.4676
Fertilizers Manufacturing,2003,21052.4295
Fertilizers Manufacturing,2004,21838.2008
Fertilizers Manufacturing,2005,21148.3595
Fertilizers Manufacturing,2006,23072.7876
Fertilizers Manufacturing,2007,21248.3486
Fertilizers Manufacturing,2008,20700.949
Fertilizers Manufacturing,2009,23677.0103
Fertilizers Manufacturing,2010,22872.6495
Fertilizers Manufacturing,2011,24048.5954
Fertilizers Manufacturing,2012,23928.7964
Fertilizers Manufacturing,2013,26236.5017
Fertilizers Manufacturing,2014,26643.9956
Fertilizers Manufacturing,2015,27065.06
Fertilizers Manufacturing,2016,27753.4809
Fertilizers Manufacturing,2017,28407.4231
Fertilizers Manufacturing,2018,27734.1812
Fertilizers Manufacturing,2019,27483.2682
Fertilizers Manufacturing,2020,26784.325
Fertilizers Manufacturing,2021,32808.6976
Fertilizers Manufacturing,2022,32808.6976
Fertilizers Manufacturing,2023,32808.6976
Fires in humid tropical forests,1990,1262.5808
Fires in humid tropical forests,1991,1262.5808
Fires in humid tropical forests,1992,1262.5808
Fires in humid tropical forests,1993,1262.5808
Fires in humid tropical forests,1994,1262.5808
Fires in humid tropical forests,1995,1262.5808
Fires in humid tropical forests,1996,978.7366
Fires in humid tropical forests,1997,720.8403
Fires in humid tropical forests,1998,706.7455
Fires in humid tropical forests,1999,1160.2626
Fires in humid tropical forests,2000,766.4974
Fires in humid tropical forests,2001,406.001
Fires in humid tropical forests,2002,128.972
Fires in humid tropical forests,2003,1009.9098
Fires in humid tropical forests,2004,1522.3542
Fires in humid tropical forests,2005,934.7996
Fires in humid tropical forests,2006,1723.8467
Fires in humid tropical forests,2007,1383.9529
Fires in humid tropical forests,2008,1219.9288
Fires in humid tropical forests,2009,2887.4918
Fires in humid tropical forests,2010,3419.4335
Fires in humid tropical forests,2011,1004.2455
Fires in humid tropical forests,2012,2367.9674
Fires in humid tropical forests,2013,1805.7295
Fires in humid tropical forests,2014,1833.1719
Fires in humid tropical forests,2015,980.5276
Fires in humid tropical forests,2016,1416.1484
Fires in humid tropical forests,2017,1303.2161
Fires in humid tropical forests,2018,648.7228
Fires in humid tropical forests,2019,561.7655
Fires in humid tropical forests,2020,559.883
Fires in humid tropical forests,2021,2579.7138
Fires in humid tropical forests,2022,589.5685
Fires in humid tropical forests,2023,792.0519
Fires in organic soils,1990,0.0
Fires in organic soils,1991,0.0
Fires in organic soils,1992,0.0
Fires in organic soils,1993,0.0
Fires in organic soils,1994,0.0
Fires in organic soils,1995,0.0
Fires in organic soils,1996,0.0
Fires in organic soils,1997,0.0
Fires in organic soils,1998,0.0
Fires in organic soils,1999,0.0
Fires in organic soils,2000,0.0
Fires in organic soils,2001,0.0
Fires in organic soils,2002,0.0
Fires in organic soils,2003,0.0
Fires in organic soils,2004,0.0
Fires in organic soils,2005,0.0
Fires in organic soils,2006,0.0
Fires in organic soils,2007,0.0
Fires in organic soils,2008,0.0
Fires in organic soils,2009,0.0
Fires in organic soils,2010,0.0
Fires in organic soils,2011,0.0
Fires in organic soils,2012,0.0
Fires in organic soils,2013,0.0
Fires in organic soils,2014,0.0
Fires in organic soils,2015,0.0
Fires in organic soils,2016,0.0
Fires in organic soils,2017,0.0
Fires in organic soils,2018,0.0
Fires in organic soils,2019,0.0
Fires in organic soils,2020,0.0
Fires in organic soils,2021,0.0
Fires in organic soils,2022,0.0
Fires in organic soils,2023,0.0
Food Household Consumption,1990,7158.9925
Food Household Consumption,1991,7895.0833
Food Household Consumption,1992,8695.1669
Food Household Consumption,1993,9464.0695
Food Household Consumption,1994,10214.074
Food Household Consumption,1995,10862.3826
Food Household Consumption,1996,12285.9198
Food Household Consumption,1997,13600.7788
Food Household Consumption,1998,14567.5986
Food Household Consumption,1999,16940.2373
Food Household Consumption,2000,20217.2127
Food Household Consumption,2001,21224.8377
Food Household Consumption,2002,24520.9193
Food Household Consumption,2003,27839.3672
Food Household Consumption,2004,30165.234
Food Household Consumption,2005,31148.0349
Food Household Consumption,2006,33647.8923
Food Household Consumption,2007,36784.588
Food Household Consumption,2008,36948.6321
Food Household Consumption,2009,38577.7965
Food Household Consumption,2010,44626.9785
Food Household Consumption,2011,46744.0396
Food Household Consumption,2012,49261.799
Food Household Consumption,2013,54553.0269
Food Household Consumption,2014,59514.4452
Food Household Consumption,2015,62206.9255
Food Household Consumption,2016,67466.1313
Food Household Consumption,2017,70765.3785
Food Household Consumption,2018,74077.2565
Food Household Consumption,2019,78001.2484
Food Household Consumption,2020,81411.2669
Food Household Consumption,2021,82614.7229
Food Household Consumption,2022,87116.1121
Food Household Consumption,2023,87116.1121
Food Packaging,1990,791.8136
Food Packaging,1991,896.8314
Food Packaging,1992,933.5786
Food Packaging,1993,963.6091
Food Packaging,1994,1034.4992
Food Packaging,1995,1047.09
Food Packaging,1996,1084.4621
Food Packaging,1997,1184.5708
Food Packaging,1998,1163.2065
Food Packaging,1999,1295.4106
Food Packaging,2000,1765.329
Food Packaging,2001,1775.3285
Food Packaging,2002,1950.6006
Food Packaging,2003,1895.6595
Food Packaging,2004,1988.8103
Food Packaging,2005,2112.7368
Food Packaging,2006,2626.1544
Food Packaging,2007,3082.2979
Food Packaging,2008,2855.2145
Food Packaging,2009,3047.8266
Food Packaging,2010,2988.2638
Food Packaging,2011,3436.6136
Food Packaging,2012,3584.5921
Food Packaging,2013,7346.8867
Food Packaging,2014,8575.7783
Food Packaging,2015,7360.5441
Food Packaging,2016,7549.1953
Food Packaging,2017,3617.4308
Food Packaging,2018,3877.9114
Food Packaging,2019,3757.9458
Food Packaging,2020,3187.4089
Food Packaging,2021,3644.8257
Food Packaging,2022,3759.8693
Food Packaging,2023,3759.8693
Food Processing,1990,0.0
Food Processing,1991,0.0
Food Processing,1992,0.0
Food Processing,1993,0.0
Food Processing,1994,0.0
Food Processing,1995,0.0
Food Processing,1996,0.0
Food Processing,1997,0.0
Food Processing,1998,0.0
Food Processing,1999,0.0
Food Processing,2000,0.0
Food Processing,2001,0.0
Food Processing,2002,0.0
Food Processing,2003,0.0
Food Processing,2004,0.0
Food Processing,2005,0.0
Food Processing,2006,0.0
Food Processing,2007,0.0
Food Processing,2008,0.0
Food Processing,2009,0.0
Food Processing,2010,0.0
Food Processing,2011,0.0
Food Processing,2012,0.0
Food Processing,2013,14263.0752
Food Processing,2014,16397.4656
Food Processing,2015,15918.3825
Food Processing,2016,15366.7843
Food Processing,2017,14.3396
Food Processing,2018,14.7876
Food Processing,2019,15.2359
Food Processing,2020,15.6838
Food Processing,2021,15.6838
Food Processing,2022,15.6838
Food Processing,2023,15.6838
Food Retail,1990,8834.0542
Food Retail,1991,9064.0533
Food Retail,1992,9272.6487
Food Retail,1993,5996.5984
Food Retail,1994,6377.0596
Food Retail,1995,6846.2425
Food Retail,1996,1663.4803
Food Retail,1997,1836.6968
Food Retail,1998,2001.1684
Food Retail,1999,2041.9445
Food Retail,2000,4304.0852
Food Retail,2001,5085.1361
Food Retail,2002,5784.2239
Food Retail,2003,6650.9795
Food Retail,2004,7717.2067
Food Retail,2005,5536.7493
Food Retail,2006,6475.3892
Food Retail,2007,7461.6107
Food Retail,2008,9891.8171
Food Retail,2009,18150.7625
Food Retail,2010,21201.5106
Food Retail,2011,23359.135
Food Retail,2012,25922.4064
Food Retail,2013,32799.4421
Food Retail,2014,34754.8844
Food Retail,2015,37527.3543
Food Retail,2016,40752.052
Food Retail,2017,40461.9855
Food Retail,2018,43303.855
Food Retail,2019,46171.1588
Food Retail,2020,46973.6367
Food Retail,2021,48867.2079
Food Retail,2022,51367.5048
Food Retail,2023,51367.5048
Food Transport,1990,9299.9883
Food Transport,1991,9861.2795
Food Transport,1992,9826.0256
Food Transport,1993,10079.1107
Food Transport,1994,10456.6989
Food Transport,1995,10762.6383
Food Transport,1996,12689.1931
Food Transport,1997,13946.8339
Food Transport,1998,13834.2614
Food Transport,1999,14382.77
Food Transport,2000,10678.4607
Food Transport,2001,10560.6928
Food Transport,2002,10913.2301
Food Transport,2003,10947.6058
Food Transport,2004,11247.4357
Food Transport,2005,10934.9521
Food Transport,2006,12163.4468
Food Transport,2007,5775.7622
Food Transport,2008,6452.9932
Food Transport,2009,7204.5348
Food Transport,2010,7665.751
Food Transport,2011,7932.0259
Food Transport,2012,8031.2801
Food Transport,2013,24697.6284
Food Transport,2014,25594.3558
Food Transport,2015,28158.7212
Food Transport,2016,29856.3383
Food Transport,2017,12387.8401
Food Transport,2018,15230.6422
Food Transport,2019,14270.009
Food Transport,2020,12136.0293
Food Transport,2021,14009.6034
Food Transport,2022,14937.6491
Food Transport,2023,14937.6491
Forest fires,1990,4524.5095
Forest fires,1991,4524.5095
Forest fires,1992,4524.5095
Forest fires,1993,4524.5095
Forest fires,1994,4524.5095
Forest fires,1995,4524.5095
Forest fires,1996,1788.6407
Forest fires,1997,1538.398
Forest fires,1998,1561.6691
Forest fires,1999,3236.4185
Forest fires,2000,1845.6829
Forest fires,2001,942.788
Forest fires,2002,641.1676
Forest fires,2003,3251.2489
Forest fires,2004,5240.1937
Forest fires,2005,3169.6526
Forest fires,2006,3514.4337
Forest fires,2007,5657.4324
Forest fires,2008,3300.0026
Forest fires,2009,10642.2089
Forest fires,2010,8771.2569
Forest fires,2011,4349.2396
Forest fires,2012,10324.286
Forest fires,2013,6129.9389
Forest fires,2014,5008.3141
Forest fires,2015,3644.7893
Forest fires,2016,4857.6381
Forest fires,2017,7638.5411
Forest fires,2018,6346.2469
Forest fires,2019,3789.2364
Forest fires,2020,1947.4458
Forest fires,2021,11085.4827
Forest fires,2022,4594.9983
Forest fires,2023,3142.6365
Forestland,1990,-227395.6667
Forestland,1991,-227395.6667
Forestland,1992,-227395.6667
Forestland,1993,-227395.6667
Forestland,1994,-227395.6667
Forestland,1995,-227395.6667
Forestland,1996,-227395.6667
Forestland,1997,-227395.6667
Forestland,1998,-227395.6667
Forestland,1999,-227395.6667
Forestland,2000,-227395.6667
Forestland,2001,-1309.0
Forestland,2002,-1309.0
Forestland,2003,-1309.0
Forestland,2004,-1309.0
Forestland,2005,-1309.0
Forestland,2006,-1309.0
Forestland,2007,-1309.0
Forestland,2008,-1309.0
Forestland,2009,-1309.0
Forestland,2010,-1309.0
Forestland,2011,-71111.3333
Forestland,2012,-71111.3333
Forestland,2013,-71111.3333
Forestland,2014,-71111.3333
Forestland,2015,-71111.3333
Forestland,2016,-129917.3333
Forestland,2017,-129917.3333
Forestland,2018,-129917.3333
Forestland,2019,-129917.3333
Forestland,2020,-129917.3333
Forestland,2021,-154418.0
Forestland,2022,-154418.0
Forestland,2023,-154418.0
IPPU,1961,11815.175
IPPU,1962,12789.85
IPPU,1963,13997.31
IPPU,1964,14317.29
IPPU,1965,15759.63
IPPU,1966,16494.69
IPPU,1967,17129.71
IPPU,1968,18040.19
IPPU,1969,19024.95
IPPU,1970,19116.54
IPPU,1971,19773.675
IPPU,1972,22029.49
IPPU,1973,22433.68
IPPU,1974,21965.74
IPPU,1975,24622.23
IPPU,1976,27291.32
IPPU,1977,27144.99
IPPU,1978,27926.74
IPPU,1979,28347.18
IPPU,1980,26856.06
IPPU,1981,30954.01
IPPU,1982,31842.74
IPPU,1983,33205.99
IPPU,1984,36597.75
IPPU,1985,39452.46
IPPU,1986,42162.99
IPPU,1987,43535.52
IPPU,1988,47566.92
IPPU,1989,51755.92
IPPU,1990,53595.06
IPPU,1991,57329.57
IPPU,1992,58901.78
IPPU,1993,60500.85
IPPU,1994,62071.24
IPPU,1995,65759.03
IPPU,1996,68894.94
IPPU,1997,75278.53
IPPU,1998,84313.28
IPPU,1999,87069.2
IPPU,2000,89747.3
IPPU,2001,90993.72
IPPU,2002,93988.59
IPPU,2003,99178.17
IPPU,2004,106444.01
IPPU,2005,109840.97
IPPU,2006,117122.85
IPPU,2007,123688.0
IPPU,2008,134010.68
IPPU,2009,146570.73
IPPU,2010,155894.34
IPPU,2011,167854.9
IPPU,2012,182757.85
IPPU,2013,196266.05
IPPU,2014,208271.3
IPPU,2015,217106.0
IPPU,2016,233550.0
IPPU,2017,237598.0
IPPU,2018,263084.55
IPPU,2019,271877.8
IPPU,2020,252532.45
IPPU,2021,287351.05
IPPU,2022,312152.25
IPPU,2023,333876.15
Manure Management,1961,22226.6297
Manure Management,1962,21970.4652
Manure Management,1963,21876.7041
Manure Management,1964,22024.7772
Manure Management,1965,22009.799
Manure Management,1966,22565.7969
Manure Management,1967,22568.7583
Manure Management,1968,22865.2354
Manure Management,1969,23054.9738
Manure Management,1970,23112.5188
Manure Management,1971,23467.5583
Manure Management,1972,23804.3988
Manure Management,1973,23800.3607
Manure Management,1974,24095.4401
Manure Management,1975,24291.4974
Manure Management,1976,24630.4031
Manure Management,1977,24926.0725
Manure Management,1978,25384.0063
Manure Management,1979,26000.9889
Manure Management,1980,26472.6818
Manure Management,1981,26992.2794
Manure Management,1982,27695.1578
Manure Management,1983,28224.9182
Manure Management,1984,28701.8336
Manure Management,1985,29086.0067
Manure Management,1986,29568.3292
Manure Management,1987,29665.9477
Manure Management,1988,30057.5692
Manure Management,1989,30453.2173
Manure Management,1990,30870.2671
Manure Management,1991,31286.5716
Manure Management,1992,31842.5033
Manure Management,1993,32013.4825
Manure Management,1994,32229.2946
Manure Management,1995,32428.6832
Manure Management,1996,32635.9646
Manure Management,1997,32738.6779
Manure Management,1998,32828.0691
Manure Management,1999,32914.4157
Manure Management,2000,32965.5937
Manure Management,2001,33165.8131
Manure Management,2002,33313.3539
Manure Management,2003,33533.6273
Manure Management,2004,34008.9493
Manure Management,2005,34528.6957
Manure Management,2006,35013.9294
Manure Management,2007,35797.0711
Manure Management,2008,35834.1687
Manure Management,2009,35887.2207
Manure Management,2010,35972.5424
Manure Management,2011,36027.8274
Manure Management,2012,36051.7495
Manure Management,2013,36117.3326
Manure Management,2014,36189.9204
Manure Management,2015,36425.5957
Manure Management,2016,36668.1648
Manure Management,2017,36880.9343
Manure Management,2018,37107.1028
Manure Management,2019,37307.9279
Manure Management,2020,37635.9693
Manure Management,2021,38006.4441
Manure Management,2022,38179.1659
Manure Management,2023,38489.8531
Manure applied to Soils,1961,7618.061
Manure applied to Soils,1962,7545.61
Manure applied to Soils,1963,7523.403
Manure applied to Soils,1964,7578.8675
Manure applied to Soils,1965,7582.233
Manure applied to Soils,1966,7766.8055
Manure applied to Soils,1967,7768.5015
Manure applied to Soils,1968,7855.925
Manure applied to Soils,1969,7914.5165
Manure applied to Soils,1970,7926.998
Manure applied to Soils,1971,8024.73
Manure applied to Soils,1972,8122.197
Manure applied to Soils,1973,8141.4625
Manure applied to Soils,1974,8238.214
Manure applied to Soils,1975,8305.4445
Manure applied to Soils,1976,8420.746
Manure applied to Soils,1977,8517.418
Manure applied to Soils,1978,8687.866
Manure applied to Soils,1979,8900.4755
Manure applied to Soils,1980,9074.819
Manure applied to Soils,1981,9256.291
Manure applied to Soils,1982,9488.8285
Manure applied to Soils,1983,9696.8535
Manure applied to Soils,1984,9860.862
Manure applied to Soils,1985,9990.4205
Manure applied to Soils,1986,10162.2995
Manure applied to Soils,1987,10197.253
Manure applied to Soils,1988,10328.1895
Manure applied to Soils,1989,10461.723
Manure applied to Soils,1990,10602.9945
Manure applied to Soils,1991,10741.9605
Manure applied to Soils,1992,10922.081
Manure applied to Soils,1993,11002.0845
Manure applied to Soils,1994,11099.3395
Manure applied to Soils,1995,11188.353
Manure applied to Soils,1996,11280.5995
Manure applied to Soils,1997,11334.7655
Manure applied to Soils,1998,11388.746
Manure applied to Soils,1999,11442.7795
Manure applied to Soils,2000,11498.085
Manure applied to Soils,2001,11593.0345
Manure applied to Soils,2002,11669.4605
Manure applied to Soils,2003,11783.7285
Manure applied to Soils,2004,12025.6735
Manure applied to Soils,2005,12279.57
Manure applied to Soils,2006,12531.532
Manure applied to Soils,2007,12882.551
Manure applied to Soils,2008,12901.684
Manure applied to Soils,2009,12931.311
Manure applied to Soils,2010,12974.771
Manure applied to Soils,2011,12997.773
Manure applied to Soils,2012,13012.931
Manure applied to Soils,2013,13100.8315
Manure applied to Soils,2014,13150.254
Manure applied to Soils,2015,13290.8895
Manure applied to Soils,2016,13408.417
Manure applied to Soils,2017,13521.943
Manure applied to Soils,2018,13654.4695
Manure applied to Soils,2019,13797.066
Manure applied to Soils,2020,13950.448
Manure applied to Soils,2021,14108.0435
Manure applied to Soils,2022,14208.2665
Manure applied to Soils,2023,14342.0915
Manure left on Pasture,1961,32182.1035
Manure left on Pasture,1962,31753.678
Manure left on Pasture,1963,31654.5945
Manure left on Pasture,1964,31783.7555
Manure left on Pasture,1965,31761.2835
Manure left on Pasture,1966,32976.865
Manure left on Pasture,1967,32705.4785
Manure left on Pasture,1968,33117.5535
Manure left on Pasture,1969,33358.5445
Manure left on Pasture,1970,33233.862
Manure left on Pasture,1971,33676.306
Manure left on Pasture,1972,34184.152
Manure left on Pasture,1973,34069.937
Manure left on Pasture,1974,34619.6265
Manure left on Pasture,1975,34968.6845
Manure left on Pasture,1976,35555.262
Manure left on Pasture,1977,36043.7365
Manure left on Pasture,1978,36838.074
Manure left on Pasture,1979,37937.612
Manure left on Pasture,1980,38764.836
Manure left on Pasture,1981,39632.7375
Manure left on Pasture,1982,40758.2985
Manure left on Pasture,1983,41640.828
Manure left on Pasture,1984,42287.7195
Manure left on Pasture,1985,42650.1335
Manure left on Pasture,1986,43453.11
Manure left on Pasture,1987,44209.4995
Manure left on Pasture,1988,44714.5365
Manure left on Pasture,1989,45217.851
Manure left on Pasture,1990,45732.057
Manure left on Pasture,1991,46267.2245
Manure left on Pasture,1992,46995.2325
Manure left on Pasture,1993,47349.14
Manure left on Pasture,1994,47811.4855
Manure left on Pasture,1995,48231.696
Manure left on Pasture,1996,48676.5515
Manure left on Pasture,1997,48951.9395
Manure left on Pasture,1998,49099.4385
Manure left on Pasture,1999,49235.6485
Manure left on Pasture,2000,49296.042
Manure left on Pasture,2001,49675.2835
Manure left on Pasture,2002,49930.5845
Manure left on Pasture,2003,50335.425
Manure left on Pasture,2004,51402.633
Manure left on Pasture,2005,52554.8265
Manure left on Pasture,2006,53626.142
Manure left on Pasture,2007,55351.0005
Manure left on Pasture,2008,55353.4385
Manure left on Pasture,2009,55393.851
Manure left on Pasture,2010,55506.9265
Manure left on Pasture,2011,55545.113
Manure left on Pasture,2012,55526.4835
Manure left on Pasture,2013,56224.361
Manure left on Pasture,2014,56572.0145
Manure left on Pasture,2015,57169.033
Manure left on Pasture,2016,57804.7945
Manure left on Pasture,2017,58406.424
Manure left on Pasture,2018,59052.706
Manure left on Pasture,2019,59648.85
Manure left on Pasture,2020,60515.9035
Manure left on Pasture,2021,61292.963
Manure left on Pasture,2022,61739.0905
Manure left on Pasture,2023,62529.4
Net Forest conversion,1990,0.0
Net Forest conversion,1991,0.0
Net Forest conversion,1992,0.0
Net Forest conversion,1993,0.0
Net Forest conversion,1994,0.0
Net Forest conversion,1995,0.0
Net Forest conversion,1996,0.0
Net Forest conversion,1997,0.0
Net Forest conversion,1998,0.0
Net Forest conversion,1999,0.0
Net Forest conversion,2000,0.0
Net Forest conversion,2001,0.0
Net Forest conversion,2002,0.0
Net Forest conversion,2003,0.0
Net Forest conversion,2004,0.0
Net Forest conversion,2005,0.0
Net Forest conversion,2006,0.0
Net Forest conversion,2007,0.0
Net Forest conversion,2008,0.0
Net Forest conversion,2009,0.0
Net Forest conversion,2010,0.0
Net Forest conversion,2011,0.0
Net Forest conversion,2012,0.0
Net Forest conversion,2013,0.0
Net Forest conversion,2014,0.0
Net Forest conversion,2015,0.0
Net Forest conversion,2016,0.0
Net Forest conversion,2017,0.0
Net Forest conversion,2018,0.0
Net Forest conversion,2019,0.0
Net Forest conversion,2020,0.0
Net Forest conversion,2021,0.0
Net Forest conversion,2022,0.0
Net Forest conversion,2023,0.0
On-farm energy use,1990,43739.351
On-farm energy use,1991,51712.1032
On-farm energy use,1992,57752.8096
On-farm energy use,1993,66239.1429
On-farm energy use,1994,71769.5078
On-farm energy use,1995,81733.1905
On-farm energy use,1996,82329.4662
On-farm energy use,1997,86631.6388
On-farm energy use,1998,90611.2363
On-farm energy use,1999,85167.6896
On-farm energy use,2000,83562.6792
On-farm energy use,2001,81214.2196
On-farm energy use,2002,82716.8202
On-farm energy use,2003,87552.1868
On-farm energy use,2004,92658.6013
On-farm energy use,2005,84934.3871
On-farm energy use,2006,119856.591
On-farm energy use,2007,103396.7551
On-farm energy use,2008,115505.239
On-farm energy use,2009,124299.7807
On-farm energy use,2010,132208.8761
On-farm energy use,2011,127915.3687
On-farm energy use,2012,139049.5572
On-farm energy use,2013,186417.3798
On-farm energy use,2014,194717.5247
On-farm energy use,2015,168180.0198
On-farm energy use,2016,189377.9845
On-farm energy use,2017,197302.7822
On-farm energy use,2018,200936.8506
On-farm energy use,2019,220267.5391
On-farm energy use,2020,207891.9006
On-farm energy use,2021,220774.0272
On-farm energy use,2022,230993.6694
On-farm energy use,2023,230993.6694
Other,1961,3153.5
Other,1962,3180.0
Other,1963,3180.0
Other,1964,3206.5
Other,1965,3233.0
Other,1966,3233.0
Other,1967,3259.5
Other,1968,3259.5
Other,1969,3286.0
Other,1970,17266.2
Other,1971,17377.4
Other,1972,17638.8
Other,1973,17776.5
Other,1974,18020.2
Other,1975,18261.1
Other,1976,18425.3
Other,1977,18613.2
Other,1978,18697.9
Other,1979,19015.1
Other,1980,19282.5
Other,1981,19526.2
Other,1982,20111.6
Other,1983,20574.5
Other,1984,20733.5
Other,1985,20839.5
Other,1986,21025.0
Other,1987,21343.0
Other,1988,21396.0
Other,1989,21581.5
Other,1990,21793.5
Other,1991,22005.5
Other,1992,22191.0
Other,1993,22191.0
Other,1994,22535.5
Other,1995,22827.0
Other,1996,23224.5
Other,1997,23304.0
Other,1998,23198.0
Other,1999,23781.0
Other,2000,23834.0
Other,2001,23675.0
Other,2002,23463.0
Other,2003,23701.5
Other,2004,24258.0
Other,2005,24311.0
Other,2006,24708.5
Other,2007,25662.5
Other,2008,26086.5
Other,2009,27067.0
Other,2010,27385.0
Other,2011,27438.0
Other,2012,28339.0
Other,2013,28392.0
Other,2014,29001.5
Other,2015,29028.0
Other,2016,29107.5
Other,2017,29876.0
Other,2018,30565.0
Other,2019,30061.5
Other,2020,29107.5
Other,2021,30644.5
Other,2022,31095.0
Other,2023,31810.5
Pesticides Manufacturing,1990,2400.8532
Pesticides Manufacturing,1991,2348.9967
Pesticides Manufacturing,1992,2362.5975
Pesticides Manufacturing,1993,2227.2944
Pesticides Manufacturing,1994,2006.3299
Pesticides Manufacturing,1995,2050.8024
Pesticides Manufacturing,1996,2027.1873
Pesticides Manufacturing,1997,1907.3793
Pesticides Manufacturing,1998,1874.9028
Pesticides Manufacturing,1999,1856.7338
Pesticides Manufacturing,2000,1878.1374
Pesticides Manufacturing,2001,1904.103
Pesticides Manufacturing,2002,1891.2974
Pesticides Manufacturing,2003,1719.784
Pesticides Manufacturing,2004,1583.8975
Pesticides Manufacturing,2005,1851.8118
Pesticides Manufacturing,2006,1794.0546
Pesticides Manufacturing,2007,1934.3854
Pesticides Manufacturing,2008,1578.0121
Pesticides Manufacturing,2009,2121.7663
Pesticides Manufacturing,2010,1980.687
Pesticides Manufacturing,2011,2914.787
Pesticides Manufacturing,2012,3097.5658
Pesticides Manufacturing,2013,3468.9388
Pesticides Manufacturing,2014,3441.9744
Pesticides Manufacturing,2015,3828.2381
Pesticides Manufacturing,2016,4412.2873
Pesticides Manufacturing,2017,5016.7877
Pesticides Manufacturing,2018,5244.2726
Pesticides Manufacturing,2019,5739.1583
Pesticides Manufacturing,2020,6086.7445
Pesticides Manufacturing,2021,7473.5006
Pesticides Manufacturing,2022,7803.5217
Pesticides Manufacturing,2023,7058.8217
Rice Cultivation,1961,102544.3608
Rice Cultivation,1962,105503.02
Rice Cultivation,1963,105839.9692
Rice Cultivation,1964,107770.0036
Rice Cultivation,1965,104837.9696
Rice Cultivation,1966,104190.6992
Rice Cultivation,1967,107697.3184
Rice Cultivation,1968,109260.5668
Rice Cultivation,1969,111370.9212
Rice Cultivation,1970,111109.0232
Rice Cultivation,1971,111599.9976
Rice Cultivation,1972,108437.42
Rice Cultivation,1973,113158.2312
Rice Cultivation,1974,111985.986
Rice Cultivation,1975,116676.6748
Rice Cultivation,1976,113826.4988
Rice Cultivation,1977,119062.4988
Rice Cultivation,1978,119652.4532
Rice Cultivation,1979,116496.0692
Rice Cultivation,1980,118674.9984
Rice Cultivation,1981,120321.0036
Rice Cultivation,1982,113090.2276
Rice Cultivation,1983,121904.0648
Rice Cultivation,1984,121652.2412
Rice Cultivation,1985,121588.3984
Rice Cultivation,1986,121675.6044
Rice Cultivation,1987,114699.018
Rice Cultivation,1988,123357.6932
Rice Cultivation,1989,124631.85
Rice Cultivation,1990,126167.9524
Rice Cultivation,1991,126055.9216
Rice Cultivation,1992,123473.532
Rice Cultivation,1993,125731.6704
Rice Cultivation,1994,126544.4824
Rice Cultivation,1995,126503.104
Rice Cultivation,1996,128276.512
Rice Cultivation,1997,128482.8188
Rice Cultivation,1998,132421.2624
Rice Cultivation,1999,133478.5088
Rice Cultivation,2000,132154.3636
Rice Cultivation,2001,132710.032
Rice Cultivation,2002,121703.3748
Rice Cultivation,2003,125889.8004
Rice Cultivation,2004,123862.7964
Rice Cultivation,2005,129044.398
Rice Cultivation,2006,129488.3408
Rice Cultivation,2007,129783.9088
Rice Cultivation,2008,134593.9812
Rice Cultivation,2009,123897.0796
Rice Cultivation,2010,126687.5372
Rice Cultivation,2011,130079.4768
Rice Cultivation,2012,126367.1416
Rice Cultivation,2013,130451.7452
Rice Cultivation,2014,130375.0448
Rice Cultivation,2015,128569.7168
Rice Cultivation,2016,130030.4124
Rice Cultivation,2017,129381.9352
Rice Cultivation,2018,130511.0072
Rice Cultivation,2019,129050.8996
Rice Cultivation,2020,135278.5168
Rice Cultivation,2021,136785.9136
Rice Cultivation,2022,141376.0852
Rice Cultivation,2023,141364.2636
Savanna fires,1990,320.4161
Savanna fires,1991,320.4161
Savanna fires,1992,320.4161
Savanna fires,1993,320.4161
Savanna fires,1994,320.4161
Savanna fires,1995,320.4161
Savanna fires,1996,203.7328
Savanna fires,1997,140.2237
Savanna fires,1998,228.6652
Savanna fires,1999,254.2684
Savanna fires,2000,188.2465
Savanna fires,2001,209.2392
Savanna fires,2002,149.4378
Savanna fires,2003,296.6814
Savanna fires,2004,501.018
Savanna fires,2005,234.493
Savanna fires,2006,264.669
Savanna fires,2007,349.5691
Savanna fires,2008,346.9012
Savanna fires,2009,658.911
Savanna fires,2010,416.178
Savanna fires,2011,355.8553
Savanna fires,2012,596.4878
Savanna fires,2013,250.2113
Savanna fires,2014,295.8331
Savanna fires,2015,216.9579
Savanna fires,2016,351.4628
Savanna fires,2017,389.6957
Savanna fires,2018,440.9273
Savanna fires,2019,266.4104
Savanna fires,2020,174.4247
Savanna fires,2021,594.4166
Savanna fires,2022,399.3514
Savanna fires,2023,258.408
Synthetic Fertilizers,1961,1378.318
Synthetic Fertilizers,1962,1837.3775
Synthetic Fertilizers,1963,2079.0575
Synthetic Fertilizers,1964,3063.4265
Synthetic Fertilizers,1965,3171.573
Synthetic Fertilizers,1966,4070.9565
Synthetic Fertilizers,1967,5708.6035
Synthetic Fertilizers,1968,6668.672
Synthetic Fertilizers,1969,7481.9835
Synthetic Fertilizers,1970,8160.6485
Synthetic Fertilizers,1971,9920.7785
Synthetic Fertilizers,1972,10147.009
Synthetic Fertilizers,1973,10091.836
Synthetic Fertilizers,1974,9742.566
Synthetic Fertilizers,1975,15165.897
Synthetic Fertilizers,1976,13556.393
Synthetic Fertilizers,1977,16072.992
Synthetic Fertilizers,1978,18867.7085
Synthetic Fertilizers,1979,19301.381
Synthetic Fertilizers,1980,20294.5745
Synthetic Fertilizers,1981,22449.7665
Synthetic Fertilizers,1982,22307.435
Synthetic Fertilizers,1983,25587.128
Synthetic Fertilizers,1984,29427.4285
Synthetic Fertilizers,1985,31726.648
Synthetic Fertilizers,1986,36023.2785
Synthetic Fertilizers,1987,31466.7625
Synthetic Fertilizers,1988,39492.791
Synthetic Fertilizers,1989,39456.38
Synthetic Fertilizers,1990,41743.9925
Synthetic Fertilizers,1991,44396.7485
Synthetic Fertilizers,1992,46496.0255
Synthetic Fertilizers,1993,48438.979
Synthetic Fertilizers,1994,52457.492
Synthetic Fertilizers,1995,54199.337
Synthetic Fertilizers,1996,56919.933
Synthetic Fertilizers,1997,60153.1715
Synthetic Fertilizers,1998,62646.371
Synthetic Fertilizers,1999,63929.2095
Synthetic Fertilizers,2000,60254.163
Synthetic Fertilizers,2001,62405.91
Synthetic Fertilizers,2002,57765.7335
Synthetic Fertilizers,2003,61124.0785
Synthetic Fertilizers,2004,64627.087
Synthetic Fertilizers,2005,70206.45
Synthetic Fertilizers,2006,75928.0385
Synthetic Fertilizers,2007,79552.046
Synthetic Fertilizers,2008,82013.7635
Synthetic Fertilizers,2009,85846.0875
Synthetic Fertilizers,2010,90769.4165
Synthetic Fertilizers,2011,95828.505
Synthetic Fertilizers,2012,92812.328
Synthetic Fertilizers,2013,92421.665
Synthetic Fertilizers,2014,93522.4485
Synthetic Fertilizers,2015,95854.7665
Synthetic Fertilizers,2016,92340.5485
Synthetic Fertilizers,2017,93568.797
Synthetic Fertilizers,2018,97266.7395
Synthetic Fertilizers,2019,104084.9245
Synthetic Fertilizers,2020,112582.706
Synthetic Fertilizers,2021,107530.163
Synthetic Fertilizers,2022,111491.86
Synthetic Fertilizers,2023,112871.8475
Waste,1961,46432.5
Waste,1962,47125.0
Waste,1963,48124.0
Waste,1964,48869.5
Waste,1965,49615.0
Waste,1966,50667.0
Waste,1967,51412.5
Waste,1968,52438.0
Waste,1969,53157.0
Waste,1970,54088.0
Waste,1971,55022.5
Waste,1972,56101.0
Waste,1973,57047.0
Waste,1974,57807.5
Waste,1975,58753.5
Waste,1976,60006.0
Waste,1977,61190.5
Waste,1978,62375.0
Waste,1979,63215.0
Waste,1980,63737.0
Waste,1981,65572.5
Waste,1982,66719.0
Waste,1983,68929.0
Waste,1984,69474.0
Waste,1985,70102.0
Waste,1986,73432.0
Waste,1987,72777.5
Waste,1988,73776.5
Waste,1989,75199.5
Waste,1990,75933.5
Waste,1991,77371.5
Waste,1992,81503.5
Waste,1993,79982.5
Waste,1994,81288.0
Waste,1995,83433.5
Waste,1996,84765.5
Waste,1997,86884.5
Waste,1998,90055.5
Waste,1999,91641.0
Waste,2000,92375.0
Waste,2001,94240.5
Waste,2002,96280.0
Waste,2003,98293.0
Waste,2004,100639.0
Waste,2005,102557.5
Waste,2006,105168.5
Waste,2007,107658.5
Waste,2008,109070.0
Waste,2009,110455.0
Waste,2010,112933.5
Waste,2011,115238.0
Waste,2012,117595.5
Waste,2013,119873.5
Waste,2014,122431.5
Waste,2015,125296.0
Waste,2016,127146.5
Waste,2017,129224.0
Waste,2018,132448.0
Waste,2019,134313.5
Waste,2020,135312.5
Waste,2021,137738.0
Waste,2022,138843.0
Waste,2023,141374.5
